,gkz,ort,lat,lon
226,08115001,Aidlingen,48.67914962768555,8.897330284118652
227,08115002,Altdorf,48.594120025634766,9.271659851074219
228,08115003,Böblingen,48.68537139892578,9.009610176086426
229,08115004,Bondorf,48.522518157958984,8.837149620056152
230,08115010,Deckenpfronn,48.64970016479492,8.818389892578125
231,08115013,Ehningen,48.65851974487305,8.940779685974121
232,08115015,Gärtringen,48.64255905151367,8.893810272216797
233,08115016,Gäufelden,48.55284118652344,8.819560050964355
234,08115021,Herrenberg,48.595149993896484,8.86793041229248
235,08115022,Hildrizhausen,48.62480163574219,8.969160079956055
236,08115024,Holzgerlingen,48.636661529541016,9.01179027557373
237,08115028,Leonberg,48.801719665527344,9.014309883117676
238,08115029,Magstadt,48.74224090576172,8.962980270385742
239,08115034,Mötzingen,48.53413009643555,8.775369644165039
240,08115037,Nufringen,48.623321533203125,8.893110275268555
241,08115041,Renningen,48.76457977294922,8.934240341186523
242,08115042,Rutesheim,48.8084716796875,8.9435396194458
243,08115044,Schönaich,48.66020965576172,9.059479713439941
244,08115045,Sindelfingen,48.707889556884766,9.001970291137695
245,08115046,Steinenbronn,48.659950256347656,9.11968994140625
246,08115048,Waldenbuch,48.63846969604492,9.130979537963867
247,08115050,Weil der Stadt,48.751930236816406,8.873769760131836
248,08115051,Weil im Schönbuch,48.62282943725586,9.061650276184082
249,08115052,Weissach,48.84832000732422,8.92529010772705
250,08115053,Jettingen,48.56502151489258,8.782710075378418
251,08115054,Grafenau,48.711368560791016,8.912989616394043
252,08116004,Altbach,48.723480224609375,9.380020141601562
253,08116005,Altdorf,48.594120025634766,9.271659851074219
254,08116006,Altenriet,48.59199142456055,9.221770286560059
255,08116007,Baltmannsweiler,48.74232864379883,9.448909759521484
256,08116008,Bempflingen,48.5731315612793,9.26548957824707
257,08116011,Beuren,48.569358825683594,9.403860092163086
258,08116012,Bissingen an der Teck,48.60044860839844,9.491259574890137
259,08116014,Deizisau,48.71232986450195,9.383190155029297
260,08116015,Denkendorf,48.694271087646484,9.317680358886719
261,08116016,Dettingen unter Teck,48.620460510253906,9.453740119934082
262,08116018,Erkenbrechtsweiler,48.557830810546875,9.432849884033203
263,08116019,Esslingen am Neckar,48.74237823486328,9.305919647216797
264,08116020,Frickenhausen,48.59347152709961,9.359310150146484
265,08116022,Großbettlingen,48.590518951416016,9.30912971496582
266,08116027,Hochdorf,48.02511978149414,9.786910057067871
267,08116029,Holzmaden,48.633731842041016,9.518369674682617
268,08116033,Kirchheim unter Teck,48.64604949951172,9.452289581298828
269,08116035,Köngen,48.68193054199219,9.3618803024292
270,08116036,Kohlberg,48.559410095214844,9.332759857177734
271,08116037,Lichtenwald,48.751800537109375,9.483389854431152
272,08116041,Neckartailfingen,48.61162185668945,9.263609886169434
273,08116042,Neckartenzlingen,48.59008026123047,9.23859977722168
274,08116043,Neidlingen,48.57875061035156,9.564709663391113
275,08116046,Neuffen,48.554649353027344,9.375709533691406
276,08116047,Neuhausen auf den Fildern,48.68367004394531,9.278949737548828
277,08116048,Notzingen,48.67094039916992,9.456870079040527
278,08116049,Nürtingen,48.62662887573242,9.341919898986816
279,08116050,Oberboihingen,48.647560119628906,9.365739822387695
280,08116053,Ohmden,48.645450592041016,9.524620056152344
281,08116054,Owen,48.5872917175293,9.450779914855957
282,08116056,Plochingen,48.70962905883789,9.41804027557373
283,08116058,Reichenbach an der Fils,48.71126937866211,9.459670066833496
284,08116063,Schlaitdorf,48.605010986328125,9.224320411682129
285,08116068,Unterensingen,48.65544128417969,9.35519027709961
286,08116070,Weilheim an der Teck,48.61812973022461,9.540539741516113
287,08116071,Wendlingen am Neckar,48.67247009277344,9.379220008850098
288,08116072,Wernau (Neckar),48.68918991088867,9.422750473022461
289,08116073,Wolfschlugen,48.65319061279297,9.288410186767578
290,08116076,Aichwald,48.75938034057617,9.380459785461426
291,08116077,Filderstadt,48.678260803222656,9.216150283813477
292,08116078,Leinfelden-Echterdingen,48.68833923339844,9.16903018951416
293,08116079,Lenningen,48.556461334228516,9.467940330505371
294,08116080,Ostfildern,48.72943115234375,9.251609802246094
295,08116081,Aichtal,48.622859954833984,9.240429878234863
296,08117001,Adelberg,48.76346969604492,9.594809532165527
297,08117002,Aichelberg,48.63494110107422,9.56676959991455
298,08117003,Albershausen,48.69306182861328,9.566829681396484
299,08117006,Bad Ditzenbach,48.589111328125,9.705120086669922
300,08117007,Bad Überkingen,48.60036087036133,9.79623031616211
301,08117009,Birenbach,48.747581481933594,9.661319732666016
302,08117010,Böhmenkirch,48.68524932861328,9.935600280761719
303,08117011,Börtlingen,48.753990173339844,9.631779670715332
304,08117012,Bad Boll,48.638938903808594,9.615670204162598
305,08117014,Deggingen,48.59706115722656,9.720279693603516
306,08117015,Donzdorf,48.686561584472656,9.810489654541016
307,08117016,Drackenstein,48.5572509765625,9.678339958190918
308,08117017,Dürnau,48.64064025878906,9.637490272521973
309,08117018,Ebersbach an der Fils,48.71744918823242,9.535719871520996
310,08117019,Eislingen/Fils,48.6980094909668,9.706520080566406
311,08117020,Eschenbach,48.65739822387695,9.67117977142334
312,08117023,Gammelshausen,48.640769958496094,9.650580406188965
313,08117024,Geislingen an der Steige,48.62459945678711,9.828229904174805
314,08117025,Gingen an der Fils,48.6562614440918,9.779800415039062
315,08117026,Göppingen,48.708518981933594,9.649470329284668
316,08117028,Gruibingen,48.59981918334961,9.64091968536377
317,08117029,Hattenhofen,48.666778564453125,9.572879791259766
318,08117030,Heiningen,48.662811279296875,9.647970199584961
319,08117031,Hohenstadt,48.54420852661133,9.662630081176758
320,08117033,Kuchen,48.63642883300781,9.798700332641602
321,08117035,Mühlhausen im Täle,48.575321197509766,9.657750129699707
322,08117037,Ottenbach,48.73308181762695,9.746370315551758
323,08117038,Rechberghausen,48.7307014465332,9.64404010772705
324,08117042,Salach,48.690460205078125,9.73799991607666
325,08117043,Schlat,48.65224075317383,9.705220222473145
326,08117044,Schlierbach,48.67367172241211,9.517580032348633
327,08117049,Süßen,48.67995834350586,9.755669593811035
328,08117051,Uhingen,48.70623016357422,9.585000038146973
329,08117053,Wäschenbeuren,48.75986099243164,9.68694019317627
330,08117055,Wangen,47.68806838989258,9.833450317382812
331,08117058,Wiesensteig,48.561580657958984,9.625470161437988
332,08117060,Zell unter Aichelberg,48.650848388671875,9.574660301208496
333,08117061,Lauterstein,48.710289001464844,9.862569808959961
334,08118001,Affalterbach,48.922969818115234,9.323439598083496
335,08118003,Asperg,48.9056510925293,9.135669708251953
336,08118006,Benningen am Neckar,48.94707107543945,9.242019653320312
337,08118007,Besigheim,48.99898147583008,9.141229629516602
338,08118010,Bönnigheim,49.04084014892578,9.098349571228027
339,08118011,Ditzingen,48.827049255371094,9.06758975982666
340,08118012,Eberdingen,48.88071823120117,8.964269638061523
341,08118014,Erdmannhausen,48.939910888671875,9.2949800491333
342,08118015,Erligheim,49.018768310546875,9.098409652709961
343,08118016,Freudental,49.009178161621094,9.060890197753906
344,08118018,Gemmrigheim,49.02613067626953,9.155229568481445
345,08118019,Gerlingen,48.800071716308594,9.062899589538574
346,08118021,Großbottwar,49.002689361572266,9.298259735107422
347,08118027,Hemmingen,48.86664962768555,9.032830238342285
348,08118028,Hessigheim,48.99209976196289,9.1881103515625
349,08118040,Kirchheim am Neckar,49.04357147216797,9.144539833068848
350,08118046,Kornwestheim,48.859291076660156,9.185020446777344
351,08118047,Löchgau,49.00162887573242,9.10634994506836
352,08118048,Ludwigsburg,48.894168853759766,9.19186019897461
353,08118049,Marbach am Neckar,48.938720703125,9.258899688720703
354,08118050,Markgröningen,48.90447998046875,9.077679634094238
355,08118051,Möglingen,48.88814926147461,9.12952995300293
356,08118053,Mundelsheim,49.00074005126953,9.209930419921875
357,08118054,Murr,48.96207046508789,9.259420394897461
358,08118059,Oberriexingen,48.92705154418945,9.02925968170166
359,08118060,Oberstenfeld,49.022579193115234,9.319979667663574
360,08118063,Pleidelsheim,48.95988845825195,9.205340385437012
361,08118067,Schwieberdingen,48.876548767089844,9.07507038116455
362,08118068,Sersheim,48.9622688293457,9.014049530029297
363,08118070,Steinheim an der Murr,48.96575927734375,9.278499603271484
364,08118071,Tamm,48.921539306640625,9.122159957885742
365,08118073,Vaihingen an der Enz,48.93416976928711,8.960530281066895
366,08118074,Walheim,49.01097869873047,9.15466022491455
367,08118076,Sachsenheim,48.959449768066406,9.064760208129883
368,08118077,Ingersheim,48.9610481262207,9.185009956359863
369,08118078,Freiberg am Neckar,48.933998107910156,9.190939903259277
370,08118079,Bietigheim-Bissingen,48.96162033081055,9.126890182495117
371,08118080,Korntal-Münchingen,48.83047866821289,9.119620323181152
372,08118081,Remseck am Neckar,48.86980056762695,9.276659965515137
373,08119001,Alfdorf,48.84360885620117,9.719109535217285
374,08119003,Allmersbach im Tal,48.90732955932617,9.467350006103516
375,08119004,Althütte,48.91741943359375,9.569979667663574
376,08119006,Auenwald,48.93619155883789,9.498940467834473
377,08119008,Backnang,48.94839096069336,9.432709693908691
378,08119018,Burgstetten,48.92966842651367,9.370200157165527
379,08119020,Fellbach,48.80921173095703,9.276209831237793
380,08119024,Großerlach,49.052391052246094,9.513310432434082
381,08119037,Kaisersbach,48.93217086791992,9.638710021972656
382,08119038,Kirchberg an der Murr,48.94404983520508,9.345600128173828
383,08119041,Korb,48.843658447265625,9.359020233154297
384,08119042,Leutenbach,48.892059326171875,9.384249687194824
385,08119044,Murrhardt,48.979671478271484,9.579629898071289
386,08119053,Oppenweiler,48.983150482177734,9.458620071411133
387,08119055,Plüderhausen,48.79475021362305,9.60239028930664
388,08119061,Rudersberg,48.885780334472656,9.527620315551758
389,08119067,Schorndorf,48.803680419921875,9.528909683227539
390,08119068,Schwaikheim,48.877540588378906,9.349140167236328
391,08119069,Spiegelberg,49.0377197265625,9.446330070495605
392,08119075,Sulzbach an der Murr,49.00450897216797,9.503210067749023
393,08119076,Urbach,48.80931091308594,9.579400062561035
394,08119079,Waiblingen,48.833011627197266,9.313549995422363
395,08119083,Weissach im Tal,48.92972946166992,9.478569984436035
396,08119084,Welzheim,48.876808166503906,9.634480476379395
397,08119085,Winnenden,48.87628936767578,9.395529747009277
398,08119086,Winterbach,48.79981994628906,9.479280471801758
399,08119087,Aspach,48.966819763183594,9.399419784545898
400,08119089,Berglen,48.86117935180664,9.469320297241211
401,08119090,Remshalden,48.80989074707031,9.442859649658203
402,08119091,Weinstadt,48.81248092651367,9.365079879760742
403,08119093,Kernen im Remstal,48.80841827392578,9.317790031433105
404,08121000,Heilbronn,49.14313888549805,9.219269752502441
405,08125001,Abstatt,49.06766891479492,9.28950023651123
406,08125005,Bad Friedrichshall,49.23577880859375,9.19318962097168
407,08125006,Bad Rappenau,49.24037170410156,9.101579666137695
408,08125007,Bad Wimpfen,49.23006057739258,9.157609939575195
409,08125008,Beilstein,49.040771484375,9.31427001953125
410,08125013,Brackenheim,49.078269958496094,9.06704044342041
411,08125017,Cleebronn,49.04384994506836,9.036870002746582
412,08125021,Eberstadt,49.180110931396484,9.321009635925293
413,08125024,Ellhofen,49.14775085449219,9.320679664611816
414,08125026,Eppingen,49.137020111083984,8.909770011901855
415,08125027,Erlenbach,49.17007827758789,9.269140243530273
416,08125030,Flein,49.10111999511719,9.21345043182373
417,08125034,Gemmingen,49.15633010864258,8.983579635620117
418,08125038,Güglingen,49.066619873046875,9.001350402832031
419,08125039,Gundelsheim,49.28416061401367,9.159939765930176
420,08125046,Ilsfeld,49.05514144897461,9.244449615478516
421,08125048,Jagsthausen,49.30955123901367,9.469329833984375
422,08125049,Kirchardt,49.20690155029297,8.991869926452637
423,08125056,Lauffen am Neckar,49.07392883300781,9.155019760131836
424,08125057,Lehrensteinsfeld,49.129058837890625,9.325690269470215
425,08125058,Leingarten,49.143470764160156,9.122989654541016
426,08125059,Löwenstein,49.09524154663086,9.380430221557617
427,08125061,Massenbachhausen,49.17721939086914,9.045289993286133
428,08125063,Möckmühl,49.32292175292969,9.359089851379395
429,08125065,Neckarsulm,49.19252014160156,9.225119590759277
430,08125066,Neckarwestheim,49.04623031616211,9.190500259399414
431,08125068,Neudenau,49.292301177978516,9.270359992980957
432,08125069,Neuenstadt am Kocher,49.23683166503906,9.327110290527344
433,08125074,Nordheim,49.10845947265625,9.12874984741211
434,08125078,Oedheim,49.23971939086914,9.255840301513672
435,08125079,Offenau,49.244590759277344,9.163640022277832
436,08125081,Pfaffenhofen,49.06401062011719,8.977100372314453
437,08125086,Schwaigern,49.141510009765625,9.057350158691406
438,08125094,Talheim,49.08449935913086,9.19495964050293
439,08125096,Untereisesheim,49.209510803222656,9.201199531555176
440,08125098,Untergruppenbach,49.08808898925781,9.277629852294922
441,08125102,Weinsberg,49.14915084838867,9.284279823303223
442,08125103,Widdern,49.31705093383789,9.420499801635742
443,08125107,Wüstenrot,49.080238342285156,9.460490226745605
444,08125108,Zaberfeld,49.05891036987305,8.92693042755127
445,08125110,Obersulm,49.13645935058594,9.38284969329834
446,08125111,Hardthausen am Kocher,49.24114990234375,9.403429985046387
447,08125113,Langenbrettach,49.22526168823242,9.381460189819336
448,08126011,Bretzfeld,49.17361068725586,9.437800407409668
449,08126028,Forchtenberg,49.28725814819336,9.562159538269043
450,08126039,Ingelfingen,49.3012809753418,9.65170955657959
451,08126045,Krautheim,49.3915901184082,9.63368034362793
452,08126046,Künzelsau,49.27933883666992,9.687840461730957
453,08126047,Kupferzell,49.2276496887207,9.690360069274902
454,08126056,Mulfingen,49.34049987792969,9.799519538879395
455,08126058,Neuenstein,49.20515823364258,9.581809997558594
456,08126060,Niedernhall,49.294769287109375,9.61674976348877
457,08126066,Öhringen,49.20186996459961,9.505620002746582
458,08126069,Pfedelbach,49.178470611572266,9.505590438842773
459,08126072,Schöntal,49.34170913696289,9.561389923095703
460,08126085,Waldenburg,49.18621063232422,9.641289710998535
461,08126086,Weißbach,49.297569274902344,9.595749855041504
462,08126094,Zweiflingen,49.25537109375,9.515580177307129
463,08127008,Blaufelden,49.29650115966797,9.97661018371582
464,08127009,Braunsbach,49.19844055175781,9.79207992553711
465,08127013,Bühlerzell,49.003448486328125,9.918379783630371
466,08127014,Crailsheim,49.1373405456543,10.07153034210205
467,08127023,Fichtenberg,48.98611068725586,9.712499618530273
468,08127025,Gaildorf,49.000831604003906,9.769949913024902
469,08127032,Gerabronn,49.24943923950195,9.921710014343262
470,08127043,Ilshofen,49.16975021362305,9.921480178833008
471,08127046,Kirchberg an der Jagst,49.20137023925781,9.982049942016602
472,08127052,Mainhardt,49.081260681152344,9.557740211486816
473,08127056,Michelbach an der Bilz,49.07052993774414,9.76216983795166
474,08127059,Michelfeld,49.09687042236328,9.677639961242676
475,08127062,Oberrot,49.01390075683594,9.665760040283203
476,08127063,Obersontheim,49.05720901489258,9.8989896774292
477,08127071,Rot am See,49.25349044799805,10.02383041381836
478,08127073,Satteldorf,49.16975021362305,10.07841968536377
479,08127075,Schrozberg,49.34661102294922,9.977709770202637
480,08127076,Schwäbisch Hall,49.113311767578125,9.746100425720215
481,08127079,Sulzbach-Laufen,48.94483184814453,9.8568696975708
482,08127086,Untermünkheim,49.153099060058594,9.733229637145996
483,08127089,Vellberg,49.08707809448242,9.88008975982666
484,08127100,Rosengarten,49.06761932373047,9.725890159606934
485,08127103,Frankenhardt,49.08161163330078,9.979009628295898
486,08128007,Bad Mergentheim,49.49238967895508,9.770350456237793
487,08128014,Boxberg,49.4818115234375,9.642979621887207
488,08128020,Creglingen,49.470149993896484,10.028849601745605
489,08128061,Königheim,49.618019104003906,9.594189643859863
490,08128082,Niederstetten,49.40184020996094,9.917400360107422
491,08128115,Tauberbischofsheim,49.62351989746094,9.66553020477295
492,08128126,Weikersheim,49.48318862915039,9.90110969543457
493,08128131,Wertheim,49.758670806884766,9.517350196838379
494,08128138,Ahorn,49.501861572265625,9.539730072021484
495,08128139,Lauda-Königshofen,49.54758834838867,9.731049537658691
496,08135010,Dischingen,48.6963005065918,10.362730026245117
497,08135015,Gerstetten,48.62255859375,10.019229888916016
498,08135016,Giengen an der Brenz,48.62110900878906,10.247819900512695
499,08135019,Heidenheim an der Brenz,48.674598693847656,10.151650428771973
500,08135020,Herbrechtingen,48.62199020385742,10.175390243530273
501,08135025,Königsbronn,48.74287033081055,10.112339973449707
502,08135026,Nattheim,48.69963073730469,10.242050170898438
503,08135027,Niederstotzingen,48.537559509277344,10.236470222473145
504,08135031,Sontheim an der Brenz,48.55693054199219,10.286720275878906
505,08135032,Steinheim am Albuch,48.69173812866211,10.060029983520508
506,08136002,Abtsgmünd,48.89284133911133,10.006699562072754
507,08136007,Bartholomä,48.75442123413086,9.987380027770996
508,08136009,Böbingen an der Rems,48.81932067871094,9.92074966430664
509,08136010,Bopfingen,48.85974884033203,10.351790428161621
510,08136015,Durlangen,48.85581970214844,9.794639587402344
511,08136018,Ellenberg,49.01329040527344,10.216429710388184
512,08136019,Ellwangen (Jagst),48.958919525146484,10.128669738769531
513,08136020,Eschach,48.88779830932617,9.870759963989258
514,08136021,Essingen,48.80842971801758,10.0272798538208
515,08136024,Göggingen,48.86030960083008,9.882909774780273
516,08136027,Gschwend,48.934730529785156,9.743189811706543
517,08136028,Heubach,48.791221618652344,9.934590339660645
518,08136029,Heuchlingen,48.85348892211914,9.942429542541504
519,08136033,Hüttlingen,48.89234161376953,10.1006498336792
520,08136034,Iggingen,48.831260681152344,9.878510475158691
521,08136035,Jagstzell,49.03086853027344,10.098489761352539
522,08136038,Lauchheim,48.871761322021484,10.24606990814209
523,08136040,Leinzell,48.84852981567383,9.874870300292969
524,08136042,Lorch,48.79764938354492,9.692819595336914
525,08136043,Mögglingen,48.821720123291016,9.964179992675781
526,08136044,Mutlangen,48.82521057128906,9.797309875488281
527,08136045,Neresheim,48.753910064697266,10.333470344543457
528,08136046,Neuler,48.92856979370117,10.069620132446289
529,08136050,Oberkochen,48.78453063964844,10.10632038116455
530,08136060,Rosenberg,49.456390380859375,9.47443962097168
531,08136061,Ruppertshofen,48.881019592285156,9.814350128173828
532,08136062,Schechingen,48.8737907409668,9.917369842529297
533,08136065,Schwäbisch Gmünd,48.797149658203125,9.795740127563477
534,08136066,Spraitbach,48.880130767822266,9.762419700622559
535,08136070,Täferrot,48.84872055053711,9.840559959411621
536,08136075,Unterschneidheim,48.93960952758789,10.362150192260742
537,08136079,Waldstetten,48.76618957519531,9.820420265197754
538,08136082,Westhausen,48.8849983215332,10.187640190124512
539,08136088,Aalen,48.83776092529297,10.092029571533203
540,08136089,Rainau,48.92826843261719,10.139300346374512
541,08211000,Baden-Baden,48.76268005371094,8.24098014831543
542,08212000,Karlsruhe,49.01094055175781,8.40845012664795
543,08215007,Bretten,49.03456115722656,8.70656967163086
544,08215009,Bruchsal,49.12419128417969,8.600959777832031
545,08215017,Ettlingen,48.94247817993164,8.40237045288086
546,08215021,Forst,49.148651123046875,8.583439826965332
547,08215025,Gondelsheim,49.0595817565918,8.6558198928833
548,08215029,Hambrücken,49.185420989990234,8.545089721679688
549,08215039,Kronau,49.219539642333984,8.634490013122559
550,08215040,Kürnbach,49.07804870605469,8.842109680175781
551,08215046,Malsch,48.880470275878906,8.334500312805176
552,08215047,Marxzell,48.861270904541016,8.448049545288086
553,08215059,Oberderdingen,49.06254959106445,8.802000045776367
554,08215064,Östringen,49.22037124633789,8.713700294494629
555,08215066,Philippsburg,49.23501968383789,8.453020095825195
556,08215082,Sulzfeld,49.10337829589844,8.856719970703125
557,08215084,Ubstadt-Weiher,49.16178894042969,8.632169723510742
558,08215089,Walzbachtal,49.00994873046875,8.61106014251709
559,08215090,Weingarten (Baden),49.053321838378906,8.531140327453613
560,08215096,Karlsbad,48.91474151611328,8.506380081176758
561,08215097,Kraichtal,49.13930892944336,8.770669937133789
562,08215099,Graben-Neudorf,49.16566848754883,8.489629745483398
563,08215100,Bad Schönborn,49.22040939331055,8.653280258178711
564,08215101,Pfinztal,48.98625183105469,8.542530059814453
565,08215102,Eggenstein-Leopoldshafen,49.09933090209961,8.39229965209961
566,08215103,Karlsdorf-Neuthard,49.13629913330078,8.541640281677246
567,08215105,Linkenheim-Hochstetten,49.12417984008789,8.408479690551758
568,08215106,Waghäusel,49.25117874145508,8.517330169677734
569,08215107,Oberhausen-Rheinhausen,49.26034927368164,8.483240127563477
570,08215108,Rheinstetten,48.96002960205078,8.288829803466797
571,08215109,Stutensee,49.0648193359375,8.471369743347168
572,08215110,Waldbronn,48.92348098754883,8.475460052490234
573,08215111,Dettenheim,49.162208557128906,8.41448974609375
574,08216002,Au am Rhein,48.951358795166016,8.239330291748047
575,08216005,Bietigheim,48.9110107421875,8.253439903259277
576,08216006,Bischweier,48.838069915771484,8.284429550170898
577,08216007,Bühl,48.695228576660156,8.135860443115234
578,08216008,Bühlertal,48.68244934082031,8.191729545593262
579,08216009,Durmersheim,48.93130111694336,8.268500328063965
580,08216013,Forbach,48.67913818359375,8.358969688415527
581,08216015,Gaggenau,48.80099868774414,8.321470260620117
582,08216017,Gernsbach,48.762901306152344,8.33584976196289
583,08216023,Iffezheim,48.82286834716797,8.14011001586914
584,08216024,Kuppenheim,48.82817840576172,8.254520416259766
585,08216033,Muggensturm,48.87076187133789,8.275859832763672
586,08216039,Ötigheim,48.89332962036133,8.2321195602417
587,08216041,Ottersweier,48.66967010498047,8.112810134887695
588,08216043,Rastatt,48.857330322265625,8.201390266418457
589,08216049,Sinzheim,48.7640495300293,8.165639877319336
590,08216052,Steinmauern,48.90053939819336,8.200559616088867
591,08216063,Rheinmünster,48.74673080444336,8.050869941711426
592,08221000,Heidelberg,49.413490295410156,8.707980155944824
593,08222000,Mannheim,49.48651123046875,8.466779708862305
594,08225001,Adelsheim,49.402889251708984,9.391010284423828
595,08225002,Aglasterhausen,49.35470962524414,8.9898099899292
596,08225009,Billigheim,49.347511291503906,9.25409984588623
597,08225014,Buchen (Odenwald),49.520389556884766,9.325929641723633
598,08225024,Fahrenbach,49.43096923828125,9.149900436401367
599,08225032,Hardheim,49.60803985595703,9.474570274353027
600,08225033,Haßmersheim,49.300621032714844,9.143340110778809
601,08225042,Hüffenhardt,49.29145812988281,9.084779739379883
602,08225052,Limbach,49.46141815185547,9.211810111999512
603,08225058,Mosbach,49.35504913330078,9.14622974395752
604,08225060,Mudau,49.53337097167969,9.206250190734863
605,08225074,Obrigheim,49.35186004638672,9.09607982635498
606,08225075,Osterburken,49.430809020996094,9.428380012512207
607,08225082,Rosenberg,49.456390380859375,9.47443962097168
608,08225091,Seckach,49.442378997802734,9.333680152893066
609,08225109,Walldürn,49.58320999145508,9.367959976196289
610,08225114,Ravenstein,49.400299072265625,9.506489753723145
611,08225115,Schefflenz,49.400421142578125,9.279669761657715
612,08225117,Elztal,49.38690185546875,9.192049980163574
613,08226003,Altlußheim,49.30144119262695,8.498479843139648
614,08226006,Bammental,49.35511016845703,8.776040077209473
615,08226009,Brühl,49.39508056640625,8.534850120544434
616,08226010,Dielheim,49.282569885253906,8.735469818115234
617,08226012,Dossenheim,49.44987869262695,8.668060302734375
618,08226013,Eberbach,49.463218688964844,8.987509727478027
619,08226018,Eppelheim,49.40161895751953,8.6285400390625
620,08226020,Eschelbronn,49.32020950317383,8.868249893188477
621,08226028,Heddesheim,49.505680084228516,8.603400230407715
622,08226031,Hemsbach,49.59199142456055,8.647470474243164
623,08226032,Hockenheim,49.318870544433594,8.547430038452148
624,08226036,Ilvesheim,49.471290588378906,8.566679954528809
625,08226037,Ketsch,49.367881774902344,8.524419784545898
626,08226038,Ladenburg,49.472389221191406,8.61083984375
627,08226041,Leimen,49.34899139404297,8.688940048217773
628,08226054,Mühlhausen,49.24967956542969,8.722430229187012
629,08226055,Neckarbischofsheim,49.29275131225586,8.961030006408691
630,08226056,Neckargemünd,49.39506149291992,8.797510147094727
631,08226059,Neulußheim,49.29328918457031,8.522150039672852
632,08226060,Nußloch,49.3230094909668,8.695759773254395
633,08226062,Oftersheim,49.368228912353516,8.581069946289062
634,08226063,Plankstadt,49.391780853271484,8.592720031738281
635,08226065,Rauenberg,49.27035903930664,8.700960159301758
636,08226068,Reilingen,49.293670654296875,8.569450378417969
637,08226076,Sandhausen,49.342350006103516,8.658370018005371
638,08226082,Schriesheim,49.47679138183594,8.665679931640625
639,08226084,Schwetzingen,49.38576889038086,8.570500373840332
640,08226085,Sinsheim,49.253868103027344,8.873570442199707
641,08226091,Waibstadt,49.30002975463867,8.919770240783691
642,08226095,Walldorf,49.30263900756836,8.643019676208496
643,08226096,Weinheim,49.55495071411133,8.670860290527344
644,08226098,Wiesloch,49.29526138305664,8.701629638671875
645,08226102,Angelbachtal,49.23434066772461,8.774169921875
646,08226103,St. Leon-Rot,49.26348114013672,8.631349563598633
647,08226105,Edingen-Neckarhausen,49.448890686035156,8.611519813537598
648,08226106,Helmstadt-Bargen,49.32596969604492,8.974940299987793
649,08226107,Hirschberg an der Bergstraße,49.49943923950195,8.662220001220703
650,08231000,Pforzheim,48.89011001586914,8.700130462646484
651,08235006,Altensteig,48.585750579833984,8.600740432739258
652,08235007,Althengstett,48.72346115112305,8.795599937438965
653,08235008,Bad Liebenzell,48.77273178100586,8.731650352478027
654,08235020,Ebhausen,48.5871696472168,8.67609977722168
655,08235022,Egenhausen,48.56370162963867,8.620220184326172
656,08235029,Gechingen,48.69517135620117,8.82903003692627
657,08235032,Haiterbach,48.525569915771484,8.651969909667969
658,08235033,Bad Herrenalb,48.79969024658203,8.439000129699707
659,08235035,Höfen an der Enz,48.80485916137695,8.583640098571777
660,08235046,Nagold,48.552059173583984,8.723079681396484
661,08235047,Neubulach,48.66225051879883,8.691889762878418
662,08235050,Neuweiler,48.65721893310547,8.596699714660645
663,08235055,Oberreichenbach,48.734371185302734,8.661239624023438
664,08235057,Ostelsheim,48.72740936279297,8.850179672241211
665,08235060,Rohrdorf,48.5715217590332,8.690560340881348
666,08235065,Schömberg,48.78691101074219,8.645179748535156
667,08235067,Simmozheim,48.75230026245117,8.812190055847168
668,08235073,Unterreichenbach,48.82569885253906,8.709409713745117
669,08235079,Bad Wildbad,48.74924850463867,8.550430297851562
670,08235080,Wildberg,48.62525939941406,8.745100021362305
671,08235084,Bad Teinach-Zavelstein,48.68867874145508,8.688719749450684
672,08235085,Calw,48.71434020996094,8.740360260009766
673,08236004,Birkenfeld,48.87044906616211,8.636269569396973
674,08236011,Eisingen,48.94776153564453,8.66862964630127
675,08236013,Engelsbrand,48.83082962036133,8.644689559936523
676,08236019,Friolzheim,48.83544158935547,8.833399772644043
677,08236025,Heimsheim,48.80998992919922,8.860939979553223
678,08236028,Illingen,48.956050872802734,8.919300079345703
679,08236030,Ispringen,48.91754913330078,8.665360450744629
680,08236031,Kieselbronn,48.93452835083008,8.752869606018066
681,08236033,Knittlingen,49.025390625,8.759369850158691
682,08236038,Maulbronn,49.00025939941406,8.813010215759277
683,08236039,Mönsheim,48.8638916015625,8.863750457763672
684,08236040,Mühlacker,48.95035171508789,8.841259956359863
685,08236043,Neuenbürg,48.84640121459961,8.58860969543457
686,08236044,Neuhausen,48.79275894165039,8.77865982055664
687,08236046,Niefern-Öschelbronn,48.91857147216797,8.780400276184082
688,08236050,Ötisheim,48.96147155761719,8.803350448608398
689,08236061,Sternenfels,49.0511589050293,8.849929809570312
690,08236062,Tiefenbronn,48.82516860961914,8.803279876708984
691,08236065,Wiernsheim,48.890750885009766,8.851790428161621
692,08236067,Wimsheim,48.85332107543945,8.825309753417969
693,08236068,Wurmberg,48.87158966064453,8.818860054016113
694,08236070,Keltern,48.901309967041016,8.57610034942627
695,08236071,Remchingen,48.94873046875,8.572790145874023
696,08236072,Straubenhardt,48.8426513671875,8.529600143432617
697,08236073,Neulingen,48.97050094604492,8.727860450744629
698,08236074,Kämpfelbach,48.933250427246094,8.634759902954102
699,08236075,Ölbronn-Dürrn,48.981048583984375,8.752570152282715
700,08236076,Königsbach-Stein,48.965179443359375,8.61205005645752
701,08237002,Alpirsbach,48.34469985961914,8.401229858398438
702,08237004,Baiersbronn,48.5105094909668,8.371419906616211
703,08237019,Dornstetten,48.46672058105469,8.500720024108887
704,08237024,Empfingen,48.39244079589844,8.710320472717285
705,08237027,Eutingen im Gäu,48.47789001464844,8.748809814453125
706,08237028,Freudenstadt,48.46427917480469,8.412799835205078
707,08237040,Horb am Neckar,48.44541931152344,8.691459655761719
708,08237045,Loßburg,48.411468505859375,8.453080177307129
709,08237054,Pfalzgrafenweiler,48.52552032470703,8.56486988067627
710,08237061,Schopfloch,48.45610809326172,8.549670219421387
711,08237073,Seewald,48.59230041503906,8.417440414428711
712,08237074,Waldachtal,48.49092102050781,8.565810203552246
713,08311000,Freiburg im Breisgau,47.998531341552734,7.849649906158447
714,08315006,Bad Krozingen,47.918128967285156,7.703330039978027
715,08315015,Breisach am Rhein,48.0281982421875,7.582099914550781
716,08315030,Eichstetten am Kaiserstuhl,48.09421920776367,7.74521017074585
717,08315047,Gundelfingen,48.043548583984375,7.872900009155273
718,08315050,Heitersheim,47.87139892578125,7.666369915008545
719,08315064,Kirchzarten,47.96345901489258,7.952789783477783
720,08315070,Löffingen,47.884239196777344,8.345279693603516
721,08315073,Merzhausen,47.966400146484375,7.825099945068359
722,08315074,Müllheim,47.8083381652832,7.628349781036377
723,08315098,Schallstadt,47.95899963378906,7.764220237731934
724,08315108,Staufen im Breisgau,47.88225173950195,7.729030132293701
725,08315109,Stegen,47.98418045043945,7.960929870605469
726,08315113,Titisee-Neustadt,47.901668548583984,8.151630401611328
727,08315131,Ehrenkirchen,47.91558074951172,7.752039909362793
728,08315132,March,48.06377029418945,7.781020164489746
729,08316009,Denzlingen,48.067928314208984,7.8798699378967285
730,08316011,Emmendingen,48.1208610534668,7.8495001792907715
731,08316012,Endingen am Kaiserstuhl,48.140830993652344,7.706389904022217
732,08316017,Herbolzheim,48.222530364990234,7.777440071105957
733,08316020,Kenzingen,48.19287109375,7.769889831542969
734,08316056,Waldkirch,48.093650817871094,7.960539817810059
735,08317001,Achern,48.62873077392578,8.064020156860352
736,08317005,Appenweier,48.54018020629883,7.980289936065674
737,08317026,Ettenheim,48.2564811706543,7.8137102127075195
738,08317031,Friesenheim,48.37379837036133,7.875160217285156
739,08317034,Gengenbach,48.40303039550781,8.01593017578125
740,08317047,Hohberg,48.423919677734375,7.9079999923706055
741,08317057,Kehl,48.574440002441406,7.815179824829102
742,08317065,Lahr/Schwarzwald,48.340309143066406,7.87608003616333
743,08317073,Mahlberg,48.28709030151367,7.813230037689209
744,08317089,Oberkirch,48.53118133544922,8.078189849853516
745,08317096,Offenburg,48.47195816040039,7.944809913635254
746,08317110,Renchen,48.58723831176758,8.012849807739258
747,08317122,Schutterwald,48.453521728515625,7.88746976852417
748,08317141,Willstätt,48.53868865966797,7.892240047454834
749,08317150,Schwanau,48.385929107666016,7.754769802093506
750,08317151,Neuried,48.46516036987305,7.813990116119385
751,08317153,Rheinau,48.665008544921875,7.940470218658447
752,08325001,Aichhalden,48.267879486083984,8.399459838867188
753,08325009,Bösingen,48.2392692565918,8.557999610900879
754,08325011,Dietingen,48.20241928100586,8.64719009399414
755,08325012,Dornhan,48.351341247558594,8.511460304260254
756,08325014,Dunningen,48.2127799987793,8.50487995147705
757,08325015,Epfendorf,48.24837112426758,8.597729682922363
758,08325036,Lauterbach,48.227420806884766,8.346380233764648
759,08325045,Oberndorf am Neckar,48.29138946533203,8.572500228881836
760,08325049,Rottweil,48.16788101196289,8.627490043640137
761,08325053,Schramberg,48.22523880004883,8.38560962677002
762,08325057,Sulz am Neckar,48.36211013793945,8.631019592285156
763,08325060,Villingendorf,48.202388763427734,8.589980125427246
764,08325061,Vöhringen,48.33646011352539,8.660860061645508
765,08325064,Wellendingen,48.146949768066406,8.701120376586914
766,08325069,Zimmern ob Rottweil,48.16780090332031,8.590049743652344
767,08325072,Deißlingen,48.11336135864258,8.60534954071045
768,08326003,Bad Dürrheim,48.01802062988281,8.532210350036621
769,08326005,Blumberg,47.839820861816406,8.532759666442871
770,08326006,Bräunlingen,47.930091857910156,8.447549819946289
771,08326010,Dauchingen,48.090309143066406,8.552370071411133
772,08326012,Donaueschingen,47.95112991333008,8.500519752502441
773,08326017,Furtwangen im Schwarzwald,48.052249908447266,8.206459999084473
774,08326027,Hüfingen,47.924381256103516,8.488889694213867
775,08326041,Niedereschach,48.131290435791016,8.527339935302734
776,08326052,St. Georgen im Schwarzwald,48.125701904296875,8.331930160522461
777,08326074,Villingen-Schwenningen,48.06203079223633,8.494759559631348
778,08326075,Brigachtal,48.00402069091797,8.466919898986816
779,08327002,Aldingen,48.094451904296875,8.701970100402832
780,08327010,Denkingen,48.109249114990234,8.735699653625488
781,08327017,Frittlingen,48.12860870361328,8.708290100097656
782,08327018,Geisingen,47.92298126220703,8.64564037322998
783,08327025,Immendingen,47.93840026855469,8.73511028289795
784,08327036,Mühlheim an der Donau,48.02404022216797,8.88916015625
785,08327046,Spaichingen,48.072689056396484,8.740039825439453
786,08327049,Trossingen,48.07699966430664,8.638609886169434
787,08327050,Tuttlingen,47.98591995239258,8.819250106811523
788,08335002,Allensbach,47.715599060058594,9.066450119018555
789,08335021,Eigeltingen,47.85805892944336,8.89741039276123
790,08335022,Engen,47.852909088134766,8.76863956451416
791,08335025,Gaienhofen,47.68265151977539,8.982919692993164
792,08335028,Gottmadingen,47.734981536865234,8.777159690856934
793,08335035,Hilzingen,47.76493835449219,8.78197956085205
794,08335043,Konstanz,47.663848876953125,9.177579879760742
795,08335063,Radolfzell am Bodensee,47.744930267333984,8.970170021057129
796,08335066,Reichenau,47.697898864746094,9.061220169067383
797,08335075,Singen (Hohentwiel),47.76350021362305,8.833740234375
798,08335077,Steißlingen,47.80413818359375,8.922289848327637
799,08335079,Stockach,47.853668212890625,9.0145902633667
800,08335098,Bodman-Ludwigshafen,47.81890106201172,9.059160232543945
801,08335099,Orsingen-Nenzingen,47.842559814453125,8.959139823913574
802,08335100,Rielasingen-Worblingen,47.724918365478516,8.866769790649414
803,08336050,Lörrach,47.61280822753906,7.6641998291015625
804,08336069,Rheinfelden (Baden),47.559730529785156,7.789050102233887
805,08336081,Schopfheim,47.649688720703125,7.823190212249756
806,08336091,Weil am Rhein,47.59281921386719,7.632909774780273
807,08337096,Bad Säckingen,47.55522155761719,7.949079990386963
808,08337126,Waldshut-Tiengen,47.62369918823242,8.214449882507324
809,08415014,Dettingen an der Erms,48.529518127441406,9.346460342407227
810,08415019,Eningen unter Achalm,48.48664855957031,9.256930351257324
811,08415027,Gomadingen,48.400390625,9.392569541931152
812,08415028,Grabenstetten,48.523681640625,9.461020469665527
813,08415029,Grafenberg,48.563358306884766,9.304160118103027
814,08415034,Hayingen,48.275108337402344,9.478480339050293
815,08415039,Hülben,48.51850891113281,9.408479690551758
816,08415050,Metzingen,48.54032897949219,9.283740043640137
817,08415053,Münsingen,48.41130065917969,9.49452018737793
818,08415058,Pfronstetten,48.275489807128906,9.361820220947266
819,08415059,Pfullingen,48.465858459472656,9.226790428161621
820,08415060,Pliezhausen,48.558101654052734,9.20619010925293
821,08415061,Reutlingen,48.49161148071289,9.214909553527832
822,08415062,Riederich,48.559349060058594,9.268460273742676
823,08415073,Trochtelfingen,48.307830810546875,9.24448013305664
824,08415078,Bad Urach,48.491939544677734,9.396989822387695
825,08415080,Wannweil,48.51533889770508,9.150779724121094
826,08415085,Zwiefalten,48.23080825805664,9.463089942932129
827,08415087,Walddorfhäslach,48.58625030517578,9.184860229492188
828,08415088,Römerstein,48.4946403503418,9.513930320739746
829,08415089,Engstingen,48.38692092895508,9.285889625549316
830,08415090,Hohenstein,48.34822082519531,9.37444019317627
831,08415091,Sonnenbühl,48.386959075927734,9.184309959411621
832,08415092,Lichtenstein,48.43368148803711,9.255450248718262
833,08415093,St. Johann,48.45172119140625,9.341400146484375
834,08416006,Bodelshausen,48.394378662109375,8.972820281982422
835,08416009,Dettenhausen,48.609710693359375,9.097169876098633
836,08416011,Dußlingen,48.44976043701172,9.056900024414062
837,08416015,Gomaringen,48.451290130615234,9.09784984588623
838,08416018,Hirrlingen,48.411598205566406,8.888010025024414
839,08416022,Kirchentellinsfurt,48.53173065185547,9.148460388183594
840,08416023,Kusterdingen,48.52212142944336,9.120909690856934
841,08416025,Mössingen,48.40874099731445,9.062780380249023
842,08416026,Nehren,48.430789947509766,9.068909645080566
843,08416031,Ofterdingen,48.42094039916992,9.0306396484375
844,08416036,Rottenburg am Neckar,48.47581100463867,8.938240051269531
845,08416041,Tübingen,48.52035140991211,9.0491304397583
846,08416048,Ammerbuch,48.55453109741211,8.965499877929688
847,08416049,Neustetten,48.481361389160156,8.8825101852417
848,08416050,Starzach,48.43210983276367,8.813630104064941
849,08417002,Balingen,48.27309036254883,8.849149703979492
850,08417008,Bisingen,48.30826187133789,8.916580200195312
851,08417010,Bitz,48.2440299987793,9.089739799499512
852,08417013,Burladingen,48.28887176513672,9.11262035369873
853,08417016,Dotternhausen,48.22705078125,8.7885103225708
854,08417022,Geislingen,48.62459945678711,9.828229904174805
855,08417023,Grosselfingen,48.330299377441406,8.889180183410645
856,08417025,Haigerloch,48.36640930175781,8.804309844970703
857,08417031,Hechingen,48.351341247558594,8.963040351867676
858,08417036,Jungingen,48.32695007324219,9.041950225830078
859,08417044,Meßstetten,48.180728912353516,8.962860107421875
860,08417047,Obernheim,48.163429260253906,8.863149642944336
861,08417051,Rangendingen,48.38206100463867,8.885479927062988
862,08417054,Rosenfeld,48.28620910644531,8.723259925842285
863,08417057,Schömberg,48.78691101074219,8.645179748535156
864,08417075,Winterlingen,48.17726135253906,9.117280006408691
865,08417079,Albstadt,48.21426010131836,9.024720191955566
866,08421000,Ulm,48.39717102050781,9.98766040802002
867,08425002,Allmendingen,48.32926940917969,9.718210220336914
868,08425005,Altheim (Alb),48.58086013793945,10.024849891662598
869,08425008,Amstetten,48.580230712890625,9.873849868774414
870,08425014,Beimerstetten,48.4804801940918,9.981690406799316
871,08425019,Bernstadt,48.499351501464844,10.02672004699707
872,08425020,Blaubeuren,48.41294860839844,9.78164005279541
873,08425028,Dietenheim,48.214988708496094,10.069210052490234
874,08425031,Dornstadt,48.46495819091797,9.93949031829834
875,08425033,Ehingen (Donau),48.282711029052734,9.726519584655762
876,08425039,Erbach,48.327781677246094,9.886159896850586
877,08425071,Laichingen,48.488548278808594,9.68274974822998
878,08425072,Langenau,48.49480056762695,10.118419647216797
879,08425075,Lonsee,48.54423141479492,9.917099952697754
880,08425079,Merklingen,48.51171112060547,9.75512981414795
881,08425081,Munderkingen,48.235511779785156,9.644570350646973
882,08425084,Nellingen,48.54029083251953,9.792019844055176
883,08425097,Rammingen,48.51961898803711,10.170689582824707
884,08425108,Schelklingen,48.37675857543945,9.734129905700684
885,08425134,Westerheim,48.515098571777344,9.623149871826172
886,08425135,Westerstetten,48.51741027832031,9.954910278320312
887,08425137,Illerkirchberg,48.32501983642578,10.017789840698242
888,08425138,Staig,48.299560546875,9.990320205688477
889,08425139,Heroldstatt,48.446659088134766,9.670539855957031
890,08425141,Blaustein,48.41524124145508,9.920350074768066
891,08426001,Achstetten,48.259681701660156,9.89783000946045
892,08426013,Bad Buchau,48.066261291503906,9.611359596252441
893,08426014,Bad Schussenried,48.00408935546875,9.658040046691895
894,08426021,Biberach an der Riß,48.09907913208008,9.792810440063477
895,08426028,Burgrieden,48.23857116699219,9.933289527893066
896,08426038,Eberhardzell,48.0010986328125,9.822970390319824
897,08426045,Ertingen,48.09891891479492,9.46300983428955
898,08426062,Ingoldingen,48.02560043334961,9.738889694213867
899,08426067,Langenenslingen,48.14849090576172,9.378740310668945
900,08426070,Laupheim,48.22943878173828,9.884659767150879
901,08426071,Maselheim,48.134891510009766,9.883970260620117
902,08426073,Mietingen,48.18119812011719,9.900679588317871
903,08426074,Mittelbiberach,48.085628509521484,9.73721981048584
904,08426087,Ochsenhausen,48.06980895996094,9.952580451965332
905,08426097,Riedlingen,48.152591705322266,9.475709915161133
906,08426100,Rot an der Rot,48.01369857788086,10.030349731445312
907,08426108,Schwendi,48.17686080932617,9.975250244140625
908,08426120,Ummendorf,48.064640045166016,9.828169822692871
909,08426124,Uttenweiler,48.147300720214844,9.612529754638672
910,08426128,Warthausen,48.1268310546875,9.797690391540527
911,08426134,Schemmerhofen,48.173248291015625,9.789970397949219
912,08435016,Friedrichshafen,47.65196990966797,9.475760459899902
913,08435024,Immenstaad am Bodensee,47.66624069213867,9.367620468139648
914,08435029,Kressbronn am Bodensee,47.596771240234375,9.598329544067383
915,08435030,Langenargen,47.59846878051758,9.541199684143066
916,08435034,Markdorf,47.72090148925781,9.389349937438965
917,08435035,Meckenbeuren,47.700618743896484,9.562620162963867
918,08435042,Neukirch,47.65810012817383,9.703189849853516
919,08435052,Salem,47.776588439941406,9.285980224609375
920,08435057,Tettnang,47.670528411865234,9.586139678955078
921,08435059,Überlingen,47.767311096191406,9.159090042114258
922,08435066,Uhldingen-Mühlhofen,47.73561096191406,9.245619773864746
923,08436005,Altshausen,47.93423080444336,9.534819602966309
924,08436006,Amtzell,47.706241607666016,9.747509956359863
925,08436008,Aulendorf,47.954750061035156,9.639559745788574
926,08436009,Bad Waldsee,47.91938018798828,9.753829956054688
927,08436010,Bad Wurzach,47.908321380615234,9.895469665527344
928,08436011,Baienfurt,47.82664108276367,9.651339530944824
929,08436012,Baindt,47.8432502746582,9.662790298461914
930,08436013,Berg,47.81452941894531,9.595430374145508
931,08436018,Bodnegg,47.709720611572266,9.692239761352539
932,08436039,Grünkraut,47.74100112915039,9.654680252075195
933,08436049,Isny im Allgäu,47.69171905517578,10.039090156555176
934,08436052,Kißlegg,47.78773880004883,9.88306999206543
935,08436055,Leutkirch im Allgäu,47.82695007324219,10.021570205688477
936,08436064,Ravensburg,47.781978607177734,9.614620208740234
937,08436078,Vogt,47.775360107421875,9.767840385437012
938,08436081,Wangen im Allgäu,47.68806838989258,9.833450317382812
939,08436082,Weingarten,49.053321838378906,8.531140327453613
940,08436083,Wilhelmsdorf,47.8671989440918,9.424989700317383
941,08436085,Wolfegg,47.81903076171875,9.792460441589355
942,08436087,Wolpertswende,47.894981384277344,9.612839698791504
943,08436094,Argenbühl,47.68790054321289,9.957900047302246
944,08436095,Horgenzell,47.806278228759766,9.498600006103516
945,08436096,Fronreute,47.86214065551758,9.590359687805176
946,08437008,Bingen,48.10987854003906,9.272939682006836
947,08437031,Gammertingen,48.249271392822266,9.214810371398926
948,08437044,Herbertingen,48.06153869628906,9.438380241394043
949,08437059,Inzigkofen,48.070491790771484,9.178279876708984
950,08437065,Krauchenwies,48.01847839355469,9.249990463256836
951,08437076,Mengen,48.04726028442383,9.327119827270508
952,08437078,Meßkirch,47.994850158691406,9.11536979675293
953,08437086,Ostrach,47.95288848876953,9.379989624023438
954,08437088,Pfullendorf,47.92628860473633,9.254949569702148
955,08437100,Bad Saulgau,48.014991760253906,9.500749588012695
956,08437104,Sigmaringen,48.08607864379883,9.21796989440918
957,08437105,Sigmaringendorf,48.06563186645508,9.263440132141113
958,08437107,Stetten am kalten Markt,48.12086868286133,9.078200340270996
1113,08111000,Stuttgart,48.76776123046875,9.171990394592285
2121,08235066,Simmersfeld,48.621070861816406,8.518239974975586
8012,08337022,Bonndorf im Schwarzwald,47.819801330566406,8.34216022491455
8128,08125047,Ittlingen,49.19221878051758,8.936909675598145
8145,08125084,Roigheim,49.36470031738281,9.338370323181152
8147,08125087,Siegelsbach,49.272789001464844,9.08938980102539
8159,08126020,Dörzbach,49.38344955444336,9.707010269165039
8191,08128064,Külsheim,49.669471740722656,9.523599624633789
8194,08128128,Werbach,49.670291900634766,9.638710021972656
8218,08225010,Binau,49.366580963134766,9.057700157165527
8227,08225064,Neckargerach,49.40100860595703,9.070799827575684
8228,08225067,Neckarzimmern,49.3183708190918,9.132590293884277
8229,08225068,Neunkirchen,49.387901306152344,9.00885009765625
8237,08225116,Schwarzach,49.3731803894043,8.983019828796387
8239,08225118,Waldbrunn,49.46432876586914,9.07843017578125
8244,08226017,Epfenbach,49.33726119995117,8.911020278930664
8248,08226048,Mauer,49.341270446777344,8.797670364379883
8249,08226049,Meckesheim,49.32196044921875,8.816089630126953
8256,08226081,Schönbrunn,49.41236114501953,8.928759574890137
8262,08226101,Zuzenhausen,49.29777908325195,8.821760177612305
8484,08226058,Neidenstein,49.31642150878906,8.884860038757324
8642,08215094,Zaisenhausen,49.10757827758789,8.817350387573242
9178,08226066,Reichartshausen,49.35544967651367,8.945090293884277
9655,08128006,Assamstadt,49.4268913269043,9.687379837036133
9707,08127047,Langenburg,49.25334930419922,9.849029541015625
9731,08128058,Igersheim,49.49633026123047,9.8154296875
9796,08127012,Bühlertann,49.04087829589844,9.909119606018066
9814,08127091,Wallhausen,49.21171951293945,10.062990188598633
9815,08127099,Wolpertshausen,49.168128967285156,9.848270416259766
10057,08128045,Großrinderfeld,49.665679931640625,9.734330177307129
10145,08127101,Kreßberg,49.13090133666992,10.186059951782227
10218,08127102,Fichtenau,49.070770263671875,10.207779884338379
10220,08127104,Stimpfach,49.06184005737305,10.09119987487793
10237,08136068,Stödtlen,49.001319885253906,10.299320220947266
10240,08136084,Wört,49.03084945678711,10.27338981628418
10448,08136003,Adelmannsfelden,48.95323944091797,10.003549575805664
10773,08128047,Grünsfeld,49.606689453125,9.746569633483887
10782,08128137,Wittighausen,49.61349105834961,9.838800430297852
10789,08225039,Höpfingen,49.601810455322266,9.42743968963623
10936,08128039,Freudenberg,49.75144958496094,9.325329780578613
11181,08135021,Hermaringen,48.596168518066406,10.257789611816406
11193,08425130,Weidenstetten,48.550140380859375,9.995349884033203
11216,08425013,Ballendorf,48.55284881591797,10.076499938964844
11284,08136087,Riesbürg,48.84994888305664,10.434120178222656
11298,08425092,Öllingen,48.52845001220703,10.147640228271484
11352,08425011,Asselfingen,48.529571533203125,10.18822956085205
11474,08136049,Obergröningen,48.89448928833008,9.909390449523926
11511,08136037,Kirchheim am Ries,48.87797164916992,10.399789810180664
11517,08136071,Tannhausen,48.97901916503906,10.357549667358398
12333,08216012,Elchesheim-Illingen,48.93489074707031,8.209219932556152
12337,08216022,Hügelsheim,48.796539306640625,8.109040260314941
12340,08216028,Lichtenau,48.72636032104492,8.006939888000488
12341,08216029,Loffenau,48.77460861206055,8.394949913024902
12348,08216059,Weisenbach,48.72829818725586,8.35396957397461
12364,08317056,Kappelrodeck,48.59086990356445,8.117850303649902
12367,08317068,Lauf,48.65317153930664,8.126480102539062
12370,08317102,Ottenhöfen im Schwarzwald,48.56800842285156,8.15977954864502
12372,08317116,Sasbach,48.638999938964844,8.09181022644043
12373,08317118,Sasbachwalden,48.6203498840332,8.122010231018066
12761,08226040,Laudenbach,49.61225128173828,8.654179573059082
12763,08226046,Malsch,48.880470275878906,8.334500312805176
12774,08226080,Schönau,49.43716049194336,8.809900283813477
12793,08235018,Dobel,48.797359466552734,8.494500160217285
12841,08315013,Bötzingen,48.077430725097656,7.725930213928223
12844,08315059,Ihringen,48.04574966430664,7.6454901695251465
12848,08315076,Neuenburg am Rhein,47.81393814086914,7.5601701736450195
12851,08315115,Umkirch,48.03205108642578,7.761899948120117
12858,08316043,Teningen,48.12902069091797,7.803229808807373
12862,08317021,Durbach,48.49406051635742,8.017760276794434
12873,08317097,Ohlsbach,48.43199157714844,7.99275016784668
12874,08317098,Oppenau,48.473388671875,8.164389610290527
12875,08317100,Ortenberg,48.45191955566406,7.970479965209961
12881,08317146,Zell am Harmersbach,48.34720993041992,8.066229820251465
12884,08317152,Kappel-Grafenhausen,48.29233169555664,7.741819858551025
12894,08336084,Steinen,47.644508361816406,7.739140033721924
12896,08336105,Grenzach-Wyhlen,47.549869537353516,7.6910600662231445
12897,08337038,Görwihl,47.642311096191406,8.077980041503906
12910,08435020,Heiligenberg,47.82014083862305,9.312190055847168
13140,08226097,Wiesenbach,49.36103057861328,8.803540229797363
14221,08317040,Haslach im Kinzigtal,48.28007888793945,8.083539962768555
14226,08317067,Lautenbach,48.520729064941406,8.114839553833008
14237,08317126,Seebach,48.576900482177734,8.173819541931152
14884,08225113,Zwingenberg,49.41289138793945,9.044329643249512
14898,08226022,Gaiberg,49.36616897583008,8.750340461730957
14899,08226027,Heddesbach,49.48208999633789,8.827739715576172
14901,08226029,Heiligkreuzsteinach,49.48543167114258,8.797100067138672
14929,08226086,Spechbach,49.34587860107422,8.883970260620117
14935,08226099,Wilhelmsfeld,49.47018051147461,8.754420280456543
14939,08226104,Lobbach,49.35884094238281,8.871760368347168
14949,08337076,Murg,47.55376052856445,8.023520469665527
14951,08337116,Wehr,47.62928009033203,7.904530048370361
17387,08315004,Auggen,47.78776168823242,7.592209815979004
17388,08315007,Badenweiler,47.80556106567383,7.679379940032959
17389,08315022,Buggingen,47.8478889465332,7.6373701095581055
17393,08336006,Bad Bellingen,47.73189926147461,7.55728006362915
17394,08336078,Schliengen,47.75587844848633,7.575940132141113
17827,08235025,Enzklösterle,48.67097854614258,8.475509643554688
17907,08237032,Grömbach,48.57189178466797,8.546819686889648
17911,08237072,Wörnersberg,48.561248779296875,8.562270164489746
18086,08237030,Glatten,48.44071960449219,8.515569686889648
18914,08325050,Schenkenzell,48.31111145019531,8.372579574584961
18915,08325051,Schiltach,48.29032897949219,8.34257984161377
18918,08325070,Fluorn-Winzeln,48.3001708984375,8.487409591674805
18936,08237075,Bad Rippoldsau-Schapbach,48.42831039428711,8.327899932861328
19035,08317008,Bad Peterstal-Griesbach,48.430320739746094,8.209159851074219
19138,08317145,Wolfach,48.30289077758789,8.220760345458984
19232,08317093,Oberwolfach,48.31740188598633,8.21697998046875
19339,08315003,Au,47.956871032714844,7.8297600746154785
19343,08315008,Ballrechten-Dottingen,47.860591888427734,7.7007598876953125
19345,08315014,Bollschweil,47.91994094848633,7.779240131378174
19347,08315016,Breitnau,47.94007110595703,8.076129913330078
19348,08315020,Buchenbach,47.961360931396484,8.007670402526855
19350,08315028,Ebringen,47.95758056640625,7.779809951782227
19352,08315031,Eisenbach (Hochschwarzwald),47.960838317871094,8.268369674682617
19353,08315033,Eschbach,47.89080047607422,7.652210235595703
19354,08315037,Feldberg (Schwarzwald),47.856998443603516,8.110159873962402
19355,08315039,Friedenweiler,47.91632843017578,8.255160331726074
19356,08315041,Glottertal,48.05017852783203,7.934569835662842
19357,08315043,Gottenheim,48.04998016357422,7.727330207824707
19359,08315048,Hartheim am Rhein,47.936920166015625,7.627019882202148
19361,08315051,Heuweiler,48.05131149291992,7.902850151062012
19362,08315052,Hinterzarten,47.90644836425781,8.104680061340332
19363,08315056,Horben,47.93223190307617,7.859029769897461
19366,08315068,Lenzkirch,47.86867141723633,8.20149040222168
19368,08315072,Merdingen,48.01728820800781,7.688660144805908
19372,08315084,Oberried,47.9315299987793,7.945069789886475
19373,08315089,Pfaffenweiler,47.94132995605469,7.754449844360352
19374,08315094,St. Märgen,48.00767135620117,8.092659950256348
19375,08315095,St. Peter,48.0158805847168,8.035320281982422
19377,08315102,Schluchsee,47.81705093383789,8.178299903869629
19378,08315107,Sölden,47.933109283447266,7.809700012207031
19381,08315111,Sulzburg,47.84080123901367,7.7081298828125
19384,08315125,Wittnau,47.94660949707031,7.814000129699707
19385,08315130,Münstertal/Schwarzwald,47.855438232421875,7.78741979598999
19388,08315133,Vogtsburg im Kaiserstuhl,48.089168548583984,7.631669998168945
19389,08316002,Bahlingen am Kaiserstuhl,48.12282180786133,7.739049911499023
19390,08316003,Biederbach,48.21836853027344,8.026689529418945
19392,08316010,Elzach,48.17353820800781,8.07151985168457
19395,08316013,Forchheim,48.16371154785156,7.70320987701416
19396,08316014,Gutach im Breisgau,48.11888122558594,7.987989902496338
19399,08316024,Malterdingen,48.163021087646484,7.793920040130615
19400,08316036,Reute,48.081748962402344,7.825379848480225
19401,08316037,Riegel am Kaiserstuhl,48.15055847167969,7.75
19402,08316038,Sasbach am Kaiserstuhl,48.138221740722656,7.613890171051025
19403,08316039,Sexau,48.10424041748047,7.907879829406738
19404,08316042,Simonswald,48.102779388427734,8.048379898071289
19406,08316045,Vörstetten,48.06391143798828,7.85113000869751
19407,08316049,Weisweil,48.19765090942383,7.676219940185547
19408,08316051,Wyhl am Kaiserstuhl,48.166358947753906,7.649409770965576
19409,08316053,Rheinhausen,48.22679138183594,7.710529804229736
19410,08316054,Freiamt,48.17863082885742,7.9061198234558105
19411,08316055,Winden im Elztal,48.15459060668945,8.043370246887207
19416,08317009,Berghaupten,48.40668869018555,7.987150192260742
19417,08317011,Biberach,48.338958740234375,8.027750015258789
19422,08317039,Gutach (Schwarzwaldbahn),48.250511169433594,8.210209846496582
19424,08317041,Hausach,48.28422164916992,8.171890258789062
19426,08317051,Hornberg,48.212158203125,8.230010032653809
19429,08317059,Kippenheim,48.294490814208984,7.824629783630371
19434,08317075,Meißenheim,48.409061431884766,7.777560234069824
19435,08317078,Mühlenbach,48.25632095336914,8.10789966583252
19436,08317085,Nordrach,48.398990631103516,8.08080005645752
19437,08317088,Oberharmersbach,48.37406921386719,8.127619743347168
19446,08317113,Ringsheim,48.24631881713867,7.780409812927246
19447,08317114,Rust,48.268741607666016,7.725689888000488
19450,08317121,Schuttertal,48.270870208740234,7.955619812011719
19452,08317127,Seelbach,48.309871673583984,7.9410600662231445
19453,08317129,Steinach,48.305259704589844,8.058210372924805
19468,08326020,Gütenbach,48.04402160644531,8.13817024230957
19470,08326031,Königsfeld im Schwarzwald,48.13909912109375,8.42177963256836
19471,08326037,Mönchweiler,48.10060119628906,8.429340362548828
19474,08326055,Schonach im Schwarzwald,48.14299011230469,8.201629638671875
19475,08326060,Triberg im Schwarzwald,48.130638122558594,8.231889724731445
19476,08326065,Unterkirnach,48.07857894897461,8.366089820861816
19477,08326068,Vöhrenbach,48.04521179199219,8.304920196533203
19490,08335055,Moos,47.72589111328125,8.933119773864746
19491,08335061,Öhningen,47.66162109375,8.89136028289795
19497,08335081,Volkertshausen,47.82228088378906,8.862700462341309
19498,08335097,Mühlhausen-Ehingen,47.807918548583984,8.818659782409668
19503,08336008,Binzen,47.63132858276367,7.624040126800537
,08336010,Böllen,47.801944,7.840833
19504,08336014,Efringen-Kirchen,47.649959564208984,7.564509868621826
19505,08336019,Eimeldingen,47.631099700927734,7.595170021057129
19506,08336036,Hausen im Wiesental,47.681400299072266,7.840569972991943
19507,08336043,Inzlingen,47.588111877441406,7.687719821929932
19508,08336045,Kandern,47.7145881652832,7.662230014801025
19510,08336057,Maulburg,47.640750885009766,7.777850151062012
19512,08336073,Rümmingen,47.64099884033203,7.641429901123047
19514,08336079,Schönau im Schwarzwald,47.78667068481445,7.894169807434082
19517,08336087,Todtnau,47.829490661621094,7.947350025177002
19519,08336096,Wieden,47.84169006347656,7.881400108337402
19520,08336103,Zell im Wiesental,47.70751953125,7.85299015045166
19521,08336104,Malsburg-Marzell,47.77116012573242,7.726880073547363
19523,08336107,Kleines Wiesental,47.71992111206055,7.795820236206055
19524,08337002,Albbruck,47.592830657958984,8.12893009185791
19525,08337013,Bernau im Schwarzwald,47.801719665527344,8.036299705505371
19527,08337032,Dogern,47.60884094238281,8.172410011291504
19529,08337039,Grafenhausen,47.77521896362305,8.261899948120117
19530,08337049,Herrischried,47.66585922241211,8.001620292663574
19531,08337053,Hohentengen am Hochrhein,47.571739196777344,8.439620018005371
19532,08337060,Jestetten,47.65296936035156,8.575719833374023
19533,08337062,Klettgau,47.66107940673828,8.420109748840332
19534,08337065,Lauchringen,47.630950927734375,8.303939819335938
19535,08337066,Laufenburg (Baden),47.565128326416016,8.060799598693848
19537,08337090,Rickenbach,47.61888885498047,7.977729797363281
19539,08337097,St. Blasien,47.761531829833984,8.128510475158691
19540,08337106,Stühlingen,47.74541091918945,8.446579933166504
19541,08337108,Todtmoos,47.74137878417969,8.004340171813965
19543,08337118,Weilheim,47.65861129760742,8.240559577941895
19544,08337123,Wutöschingen,47.65922927856445,8.366180419921875
19545,08337125,Küssaberg,47.58776092529297,8.304960250854492
19547,08337128,Ühlingen-Birkendorf,47.72037124633789,8.31857967376709
19555,08435036,Meersburg,47.69462966918945,9.272509574890137
19560,08437118,Wald,47.935848236083984,9.172459602355957
20067,08337127,Wutach,47.8386116027832,8.444669723510742
20221,08337045,Häusern,47.753971099853516,8.168669700622559
20222,08337051,Höchenschwand,47.734291076660156,8.16491985321045
20515,08317046,Hofstetten,48.26094055175781,8.07129955291748
21047,08317029,Fischerbach,48.287071228027344,8.110969543457031
21282,08326054,Schönwald im Schwarzwald,48.104061126708984,8.204739570617676
22032,08325024,Hardt,48.18394088745117,8.410590171813965
22040,08325071,Eschbronn,48.184940338134766,8.457340240478516
22062,08417014,Dautmergen,48.24277114868164,8.740010261535645
22167,08417078,Zimmern unter der Burg,48.22010040283203,8.719659805297852
22205,08326061,Tuningen,48.02582931518555,8.601490020751953
22210,08327005,Balgheim,48.06589889526367,8.762419700622559
22211,08327009,Deilingen,48.17641830444336,8.783949851989746
22213,08327011,Dürbheim,48.0583610534668,8.789039611816406
22214,08327012,Durchhausen,48.0390510559082,8.675450325012207
22217,08327019,Gosheim,48.13467025756836,8.759429931640625
22218,08327020,Gunningen,48.045379638671875,8.69668960571289
22220,08327033,Mahlstetten,48.07501983642578,8.835100173950195
22224,08327051,Wehingen,48.145999908447266,8.791729927062988
22225,08327054,Wurmlingen,48.002708435058594,8.77711009979248
22226,08327055,Seitingen-Oberflacht,48.019989013671875,8.727219581604004
22227,08327056,Rietheim-Weilheim,48.03913879394531,8.783260345458984
22237,08417015,Dormettingen,48.23862075805664,8.771089553833008
22244,08417052,Ratshausen,48.19438934326172,8.794469833374023
22247,08417071,Weilen unter den Rinnen,48.1898193359375,8.764619827270508
22562,08335080,Tengen,47.81721878051758,8.660280227661133
22566,08437053,Hohentengen,48.02870178222656,9.376079559326172
22631,08327048,Talheim,49.08449935913086,9.19495964050293
22634,08327057,Emmingen-Liptingen,47.9288215637207,8.85303020477295
22929,08327006,Böttingen,48.10009002685547,8.807689666748047
22934,08327016,Fridingen an der Donau,48.02070999145508,8.931110382080078
22939,08327023,Hausen ob Verena,48.05339050292969,8.723549842834473
22942,08327038,Neuhausen ob Eck,47.97246170043945,8.927789688110352
22952,08335001,Aach,47.84309005737305,8.849499702453613
23028,08417045,Nusplingen,48.13190841674805,8.890640258789062
23050,08327013,Egesheim,48.11606979370117,8.856369972229004
23052,08327029,Königsheim,48.100379943847656,8.864290237426758
23053,08327040,Reichenbach am Heuberg,48.131778717041016,8.841170310974121
23061,08437072,Leibertingen,48.04267883300781,9.015769958496094
23109,08327007,Bubsheim,48.119598388671875,8.829489707946777
23114,08327004,Bärenthal,48.073909759521484,8.927669525146484
23115,08327008,Buchheim,48.01100158691406,8.986709594726562
23117,08327027,Irndorf,48.06645965576172,8.972410202026367
23118,08327030,Kolbingen,48.05097961425781,8.887849807739258
23127,08437102,Schwenningen,48.106380462646484,8.996190071105957
23130,08437123,Sauldorf,47.94343185424805,9.107210159301758
23187,08327041,Renquishausen,48.08327102661133,8.893329620361328
23446,08335057,Mühlingen,47.91191101074219,9.015520095825195
23454,08335096,Hohenfels,47.887001037597656,9.109760284423828
23469,08435047,Owingen,47.809818267822266,9.17350959777832
23471,08435053,Sipplingen,47.79547882080078,9.096320152282715
23475,08437005,Beuron,48.04985046386719,8.969779968261719
23490,08437124,Herdwangen-Schönach,47.86288833618164,9.1693696975708
23630,08335026,Gailingen am Hochrhein,47.69684982299805,8.754989624023438
23788,08435005,Bermatingen,47.730979919433594,9.348349571228027
23789,08435010,Daisendorf,47.71168899536133,9.267789840698242
23790,08435013,Eriskirch,47.62976837158203,9.528599739074707
23791,08435015,Frickingen,47.81039047241211,9.270649909973145
23793,08435018,Hagnau am Bodensee,47.676361083984375,9.319549560546875
23799,08435045,Oberteuringen,47.7242317199707,9.468810081481934
23803,08435054,Stetten,47.692440032958984,9.299969673156738
23807,08435067,Deggenhausertal,47.78335189819336,9.391550064086914
23815,08437056,Illmensee,47.86225891113281,9.37479019165039
23936,08335015,Büsingen am Hochrhein,47.697021484375,8.692819595336914
23962,08337070,Lottstetten,47.62575912475586,8.569629669189453
24149,08336024,Fischingen,47.64999008178711,7.598710060119629
24157,08336075,Schallbach,47.65705871582031,7.627590179443359
24162,08336100,Wittlingen,47.65620040893555,7.6484198570251465
24181,08336082,Schwörstadt,47.593788146972656,7.879889965057373
24198,08336090,Utzenfeld,47.800540924072266,7.913010120391846
24281,08336025,Fröhnd,47.76028823852539,7.88394021987915
24282,08336034,Hasel,47.65394973754883,7.897860050201416
24298,08336094,Wembach,47.773460388183594,7.885879993438721
24304,08336106,Häg-Ehrsberg,47.74317932128906,7.906290054321289
24415,08336004,Aitern,47.80316925048828,7.895219802856445
24420,08336080,Schönenberg,47.79269027709961,7.882279872894287
24424,08336089,Tunau,47.78580856323242,7.923140048980713
24645,08337027,Dachsberg (Südschwarzwald),47.728458404541016,8.100879669189453
24688,08337124,Eggingen,47.69276809692383,8.393810272216797
24695,08337059,Ibach,47.73257827758789,8.070719718933105
24776,08337030,Dettighofen,47.623741149902344,8.483570098876953
25095,08415048,Mehrstetten,48.37520980834961,9.56326961517334
25579,08437082,Neufra,48.244510650634766,9.183850288391113
25582,08437114,Veringenstadt,48.179779052734375,9.214090347290039
25623,08437047,Hettingen,48.21638870239258,9.231969833374023
25684,08425035,Emeringen,48.23426055908203,9.51749038696289
25686,08425090,Obermarchtal,48.233238220214844,9.5685396194458
25687,08426008,Altheim,48.145931243896484,9.446430206298828
25688,08426035,Dürmentingen,48.11296081542969,9.534379959106445
25692,08426121,Unlingen,48.167850494384766,9.522379875183105
26325,08417029,Hausen am Tann,48.198299407958984,8.83672046661377
26335,08417063,Straßberg,48.17290115356445,9.095060348510742
26676,08437101,Scheer,48.07316970825195,9.294170379638672
26823,08425004,Altheim,48.145931243896484,9.446430206298828
26829,08425017,Berghülen,48.463279724121094,9.766839981079102
26832,08425022,Börslingen,48.539329528808594,10.062849998474121
26833,08425024,Breitingen,48.51721954345703,9.99174976348877
26837,08425036,Emerkingen,48.21472930908203,9.656240463256836
26839,08425050,Griesingen,48.26802062988281,9.78711986541748
26840,08425055,Hausen am Bussen,48.2116584777832,9.625499725341797
26841,08425062,Holzkirch,48.53205871582031,9.994429588317871
26842,08425064,Hüttisheim,48.280120849609375,9.942259788513184
26843,08425066,Illerrieden,48.270179748535156,10.055830001831055
26846,08425073,Lauterach,48.25511169433594,9.581459999084473
26850,08425083,Neenstetten,48.54534149169922,10.020790100097656
26852,08425085,Nerenstetten,48.52962112426758,10.099430084228516
26853,08425088,Oberdischingen,48.302459716796875,9.829500198364258
26855,08425091,Oberstadion,48.18561935424805,9.690739631652832
26857,08425093,Öpfingen,48.28538131713867,9.802729606628418
26859,08425098,Rechtenstein,48.2412109375,9.54481029510498
26860,08425104,Rottenacker,48.23273849487305,9.687470436096191
26862,08425110,Schnürpflingen,48.2725715637207,9.99193000793457
26863,08425112,Setzingen,48.537960052490234,10.129509925842285
26864,08425123,Untermarchtal,48.23810958862305,9.607629776000977
26865,08425124,Unterstadion,48.20397186279297,9.690059661865234
26872,08425140,Balzheim,48.179500579833984,10.076459884643555
26876,08426011,Attenweiler,48.13502883911133,9.698769569396973
26879,08426019,Berkheim,48.03974914550781,10.084269523620605
26882,08426031,Dettingen an der Iller,48.10084915161133,10.114299774169922
26885,08426043,Erlenmoos,48.06338882446289,9.974749565124512
26886,08426044,Erolzheim,48.091190338134766,10.07406997680664
26888,08426058,Hochdorf,48.02511978149414,9.786910057067871
26890,08426065,Kirchberg an der Iller,48.13261032104492,10.08158016204834
26891,08426066,Kirchdorf an der Iller,48.077789306640625,10.12324047088623
26901,08426113,Steinhausen an der Rottum,48.023460388183594,9.95598030090332
26902,08426117,Tannheim,47.99837112426758,10.082380294799805
26906,08426125,Wain,48.18741989135742,10.017180442810059
26909,08426135,Gutenzell-Hürbel,48.113739013671875,9.996979713439941
26918,08436004,Aitrach,47.940250396728516,10.087630271911621
27213,08425052,Grundsheim,48.17824172973633,9.66746997833252
27230,08425125,Unterwachingen,48.20314025878906,9.64352035522461
27622,08426005,Alleshausen,48.10295867919922,9.621959686279297
27626,08426020,Betzenweiler,48.11796188354492,9.57446002960205
27629,08426036,Dürnau,48.64064025878906,9.637490272521973
27633,08426064,Kanzach,48.076988220214844,9.558870315551758
27638,08426078,Moosburg,48.08626174926758,9.597370147705078
27640,08426090,Oggelshausen,48.07033157348633,9.647689819335938
27642,08426109,Seekirch,48.10591125488281,9.641759872436523
27643,08426118,Tiefenbach,48.08654022216797,9.65233039855957
27659,08426006,Allmannsweiler,48.0293083190918,9.593689918518066
27695,08436093,Ebersbach-Musbach,47.95494842529297,9.579509735107422
27711,08436003,Aichstetten,47.8901481628418,10.077280044555664
27829,08436014,Bergatreute,47.84975051879883,9.747759819030762
28459,08436001,Achberg,47.615089416503906,9.716750144958496
28470,08436024,Ebenweiler,47.90037155151367,9.513230323791504
28471,08436032,Fleischwangen,47.87894058227539,9.479120254516602
28473,08436047,Hoßkirch,47.94078826904297,9.442489624023438
28478,08436069,Schlier,47.7706413269043,9.675430297851562
28480,08436079,Waldburg,47.75651168823242,9.71068000793457
28994,08436019,Boms,47.96841812133789,9.50907039642334
28996,08436027,Eichstegen,47.93867874145508,9.495659828186035
28999,08436053,Königseggwald,47.92649841308594,9.419960021972656
29001,08436067,Riedhausen,47.9080696105957,9.430999755859375
29002,08436077,Unterwaldhausen,47.90171813964844,9.469770431518555
29463,08436040,Guggenhausen,47.893680572509766,9.455089569091797
